info_id;info_description;
1;some info description;
2;some other taks description;
3;yet, another infok description;
4;some info description;
5;some other taks description;
6;yet, another infok description;
7;some info description;
8;some other taks description;
9;yet, another infok description;
10;some info description;
11;some other taks description;
12;yet, another infok description;
13;some info description;
14;some other taks description;
15;yet, another infok description;
16;some info description;
17;some other taks description;
18;yet, another infok description;
19;some info description;
20;some other taks description;
21;some info description;
22;some other taks description;
23;yet, another infok description;
24;some info description;
25;some other taks description;
26;yet, another infok description;
27;some info description;
28;some other taks description;
29;yet, another infok description;
30;some info description;
31;some other taks description;
32;yet, another infok description;
33;some info description;
34;some other taks description;
35;yet, another infok description;
36;some info description;
37;some other taks description;
38;yet, another infok description;
39;some info description;
40;some other taks description;
41;some info description;
42;some other taks description;
43;yet, another infok description;
44;some info description;
45;some other taks description;
46;yet, another infok description;
47;some info description;
48;some other taks description;
49;yet, another infok description;
50;some info description;
51;some other taks description;
52;yet, another infok description;
53;some info description;
54;some other taks description;
55;yet, another infok description;
56;some info description;
57;some other taks description;
58;yet, another infok description;
59;some info description;
60;some info description;