task_id;task_description;
1;some tas description;
2;some other taks description;
3;yet, another task description;
4;some tas description;
5;some other taks description;
6;yet, another task description;
7;some tas description;
8;some other taks description;
9;yet, another task description;
10;some tas description;
11;some other taks description;
12;yet, another task description;
13;some tas description;
14;some other taks description;
15;yet, another task description;
16;some tas description;
17;some other taks description;
18;yet, another task description;
19;some tas description;
20;some other taks description;
21;some tas description;
22;some other taks description;
23;yet, another task description;
24;some tas description;
25;some other taks description;
26;yet, another task description;
27;some tas description;
28;some other taks description;
29;yet, another task description;
30;some tas description;
31;some other taks description;
32;yet, another task description;
33;some tas description;
34;some other taks description;
35;yet, another task description;
36;some tas description;
37;some other taks description;
38;yet, another task description;
39;some tas description;
40;some other taks description;
41;some tas description;
42;some other taks description;
43;yet, another task description;
44;some tas description;
45;some other taks description;
46;yet, another task description;
47;some tas description;
48;some other taks description;
49;yet, another task description;
50;some tas description;
51;some other taks description;
52;yet, another task description;
53;some tas description;
54;some other taks description;
55;yet, another task description;
56;some tas description;
57;some other taks description;
58;yet, another task description;
59;some tas description;
60;some tas description;